{
  "__inputs": [
    {
      "name": "DS_ZABBIX3.4",
      "label": "zabbix3.4",
      "description": "",
      "type": "datasource",
      "pluginId": "alexanderzobnin-zabbix-datasource",
      "pluginName": "Zabbix"
    }
  ],
  "__requires": [
    {
      "type": "datasource",
      "id": "alexanderzobnin-zabbix-datasource",
      "name": "Zabbix",
      "version": "1.0.0"
    },
    {
      "type": "grafana",
      "id": "grafana",
      "name": "Grafana",
      "version": "5.1.3"
    },
    {
      "type": "panel",
      "id": "grafana-piechart-panel",
      "name": "Pie Chart",
      "version": "1.3.2"
    },
    {
      "type": "panel",
      "id": "graph",
      "name": "Graph",
      "version": "5.0.0"
    },
    {
      "type": "panel",
      "id": "singlestat",
      "name": "Singlestat",
      "version": "5.0.0"
    }
  ],
  "annotations": {
    "list": [
      {
        "builtIn": 1,
        "datasource": "-- Grafana --",
        "enable": true,
        "hide": true,
        "iconColor": "rgba(0, 211, 255, 1)",
        "name": "Annotations & Alerts",
        "type": "dashboard"
      }
    ]
  },
  "editable": true,
  "gnetId": null,
  "graphTooltip": 0,
  "id": null,
  "iteration": 1532321960467,
  "links": [
    {
      "icon": "dashboard",
      "includeVars": true,
      "keepTime": true,
      "tags": [],
      "targetBlank": false,
      "title": "01-Zabbix-主机资源监控",
      "tooltip": "01-Zabbix-主机资源监控",
      "type": "link",
      "url": "http://192.168.19.203:3000/d/syQm-sZik/01-zabbix-zhu-ji-zi-yuan-jian-kong"
    },
    {
      "icon": "dashboard",
      "includeVars": true,
      "keepTime": true,
      "tags": [],
      "targetBlank": false,
      "title": "02-zabbix-监控告警统计",
      "tooltip": "02-zabbix-监控告警统计",
      "type": "link",
      "url": "http://192.168.19.203:3000/d/17MrgYgik/02-zabbix-jian-kong-gao-jing-tong-ji?orgId=1"
    },
    {
      "icon": "doc",
      "includeVars": true,
      "keepTime": true,
      "tags": [],
      "targetBlank": true,
      "title": "zabbix-server",
      "tooltip": "zabbix-server",
      "type": "link",
      "url": "192.168.19.203/zabbix/"
    }
  ],
  "panels": [
    {
      "collapsed": false,
      "gridPos": {
        "h": 1,
        "w": 24,
        "x": 0,
        "y": 0
      },
      "id": 20,
      "panels": [],
      "title": "Dashboard",
      "type": "row"
    },
    {
      "cacheTimeout": null,
      "colorBackground": false,
      "colorValue": false,
      "colors": [
        "#299c46",
        "rgba(237, 129, 40, 0.89)",
        "#d44a3a"
      ],
      "datasource": "${DS_ZABBIX3.4}",
      "format": "none",
      "gauge": {
        "maxValue": 100,
        "minValue": 0,
        "show": true,
        "thresholdLabels": false,
        "thresholdMarkers": true
      },
      "gridPos": {
        "h": 5,
        "w": 4,
        "x": 0,
        "y": 1
      },
      "id": 23,
      "interval": null,
      "links": [],
      "mappingType": 1,
      "mappingTypes": [
        {
          "name": "value to text",
          "value": 1
        },
        {
          "name": "range to text",
          "value": 2
        }
      ],
      "maxDataPoints": 100,
      "nullPointMode": "connected",
      "nullText": null,
      "postfix": "",
      "postfixFontSize": "50%",
      "prefix": "",
      "prefixFontSize": "50%",
      "rangeMaps": [
        {
          "from": "null",
          "text": "N/A",
          "to": "null"
        }
      ],
      "sparkline": {
        "fillColor": "rgba(31, 118, 189, 0.18)",
        "full": false,
        "lineColor": "rgb(31, 120, 193)",
        "show": true
      },
      "tableColumn": "",
      "targets": [
        {
          "application": {
            "filter": "CPU"
          },
          "functions": [],
          "group": {
            "filter": "zabbix整合"
          },
          "host": {
            "filter": "all"
          },
          "item": {
            "filter": "CPU user time"
          },
          "mode": 0,
          "options": {
            "showDisabledItems": false,
            "skipEmptyValues": false
          },
          "refId": "A",
          "resultFormat": "time_series",
          "table": {
            "skipEmptyValues": false
          },
          "triggers": {
            "acknowledged": 2,
            "count": true,
            "minSeverity": 3
          }
        }
      ],
      "thresholds": "50,80",
      "title": "CPU user time",
      "type": "singlestat",
      "valueFontSize": "80%",
      "valueMaps": [
        {
          "op": "=",
          "text": "N/A",
          "value": "null"
        }
      ],
      "valueName": "avg"
    },
    {
      "cacheTimeout": null,
      "colorBackground": false,
      "colorValue": false,
      "colors": [
        "#299c46",
        "rgba(237, 129, 40, 0.89)",
        "#d44a3a"
      ],
      "datasource": "${DS_ZABBIX3.4}",
      "format": "none",
      "gauge": {
        "maxValue": 100,
        "minValue": 0,
        "show": true,
        "thresholdLabels": false,
        "thresholdMarkers": true
      },
      "gridPos": {
        "h": 5,
        "w": 3,
        "x": 4,
        "y": 1
      },
      "id": 22,
      "interval": null,
      "links": [],
      "mappingType": 1,
      "mappingTypes": [
        {
          "name": "value to text",
          "value": 1
        },
        {
          "name": "range to text",
          "value": 2
        }
      ],
      "maxDataPoints": 100,
      "nullPointMode": "connected",
      "nullText": null,
      "postfix": "",
      "postfixFontSize": "50%",
      "prefix": "",
      "prefixFontSize": "50%",
      "rangeMaps": [
        {
          "from": "null",
          "text": "N/A",
          "to": "null"
        }
      ],
      "sparkline": {
        "fillColor": "rgba(31, 118, 189, 0.18)",
        "full": false,
        "lineColor": "rgb(31, 120, 193)",
        "show": true
      },
      "tableColumn": "",
      "targets": [
        {
          "application": {
            "filter": "CPU"
          },
          "functions": [],
          "group": {
            "filter": "zabbix整合"
          },
          "host": {
            "filter": "all"
          },
          "item": {
            "filter": "CPU iowait time"
          },
          "mode": 0,
          "options": {
            "showDisabledItems": false,
            "skipEmptyValues": false
          },
          "refId": "A",
          "resultFormat": "time_series",
          "table": {
            "skipEmptyValues": false
          },
          "triggers": {
            "acknowledged": 2,
            "count": true,
            "minSeverity": 3
          }
        }
      ],
      "thresholds": "50,80",
      "title": "CPU iowait time",
      "type": "singlestat",
      "valueFontSize": "80%",
      "valueMaps": [
        {
          "op": "=",
          "text": "N/A",
          "value": "null"
        }
      ],
      "valueName": "avg"
    },
    {
      "cacheTimeout": null,
      "colorBackground": false,
      "colorValue": false,
      "colors": [
        "#299c46",
        "rgba(237, 129, 40, 0.89)",
        "#d44a3a"
      ],
      "datasource": "${DS_ZABBIX3.4}",
      "format": "none",
      "gauge": {
        "maxValue": 100,
        "minValue": 0,
        "show": true,
        "thresholdLabels": false,
        "thresholdMarkers": true
      },
      "gridPos": {
        "h": 5,
        "w": 3,
        "x": 7,
        "y": 1
      },
      "id": 35,
      "interval": null,
      "links": [],
      "mappingType": 1,
      "mappingTypes": [
        {
          "name": "value to text",
          "value": 1
        },
        {
          "name": "range to text",
          "value": 2
        }
      ],
      "maxDataPoints": 100,
      "nullPointMode": "connected",
      "nullText": null,
      "postfix": "",
      "postfixFontSize": "50%",
      "prefix": "",
      "prefixFontSize": "50%",
      "rangeMaps": [
        {
          "from": "null",
          "text": "N/A",
          "to": "null"
        }
      ],
      "sparkline": {
        "fillColor": "rgba(31, 118, 189, 0.18)",
        "full": false,
        "lineColor": "rgb(31, 120, 193)",
        "show": true
      },
      "tableColumn": "",
      "targets": [
        {
          "application": {
            "filter": "CPU"
          },
          "functions": [],
          "group": {
            "filter": "zabbix整合"
          },
          "host": {
            "filter": "all"
          },
          "item": {
            "filter": "Processor load (1 min average per core)"
          },
          "mode": 0,
          "options": {
            "showDisabledItems": false,
            "skipEmptyValues": false
          },
          "refId": "A",
          "resultFormat": "time_series",
          "table": {
            "skipEmptyValues": false
          },
          "triggers": {
            "acknowledged": 2,
            "count": true,
            "minSeverity": 3
          }
        }
      ],
      "thresholds": "50,80",
      "title": "Processor load",
      "type": "singlestat",
      "valueFontSize": "80%",
      "valueMaps": [
        {
          "op": "=",
          "text": "N/A",
          "value": "null"
        }
      ],
      "valueName": "avg"
    },
    {
      "cacheTimeout": null,
      "colorBackground": false,
      "colorValue": false,
      "colors": [
        "#d44a3a",
        "rgba(237, 129, 40, 0.89)",
        "#299c46"
      ],
      "datasource": "${DS_ZABBIX3.4}",
      "format": "bytes",
      "gauge": {
        "maxValue": 100,
        "minValue": 0,
        "show": true,
        "thresholdLabels": false,
        "thresholdMarkers": true
      },
      "gridPos": {
        "h": 5,
        "w": 3,
        "x": 10,
        "y": 1
      },
      "id": 26,
      "interval": null,
      "links": [],
      "mappingType": 1,
      "mappingTypes": [
        {
          "name": "value to text",
          "value": 1
        },
        {
          "name": "range to text",
          "value": 2
        }
      ],
      "maxDataPoints": 100,
      "nullPointMode": "connected",
      "nullText": null,
      "postfix": "",
      "postfixFontSize": "50%",
      "prefix": "",
      "prefixFontSize": "50%",
      "rangeMaps": [
        {
          "from": "null",
          "text": "N/A",
          "to": "null"
        }
      ],
      "sparkline": {
        "fillColor": "rgba(31, 118, 189, 0.18)",
        "full": false,
        "lineColor": "rgb(31, 120, 193)",
        "show": true
      },
      "tableColumn": "",
      "targets": [
        {
          "application": {
            "filter": "Memory"
          },
          "functions": [],
          "group": {
            "filter": "zabbix整合"
          },
          "host": {
            "filter": "all"
          },
          "item": {
            "filter": "Available memory"
          },
          "mode": 0,
          "options": {
            "showDisabledItems": false,
            "skipEmptyValues": false
          },
          "refId": "A",
          "resultFormat": "time_series",
          "table": {
            "skipEmptyValues": false
          },
          "triggers": {
            "acknowledged": 2,
            "count": true,
            "minSeverity": 3
          }
        }
      ],
      "thresholds": "30,50",
      "title": "Available memory",
      "type": "singlestat",
      "valueFontSize": "80%",
      "valueMaps": [
        {
          "op": "=",
          "text": "N/A",
          "value": "null"
        }
      ],
      "valueName": "current"
    },
    {
      "cacheTimeout": null,
      "colorBackground": false,
      "colorValue": false,
      "colors": [
        "#299c46",
        "rgba(237, 129, 40, 0.89)",
        "#d44a3a"
      ],
      "datasource": "${DS_ZABBIX3.4}",
      "format": "none",
      "gauge": {
        "maxValue": 2000,
        "minValue": 0,
        "show": true,
        "thresholdLabels": false,
        "thresholdMarkers": true
      },
      "gridPos": {
        "h": 5,
        "w": 3,
        "x": 13,
        "y": 1
      },
      "id": 27,
      "interval": null,
      "links": [],
      "mappingType": 1,
      "mappingTypes": [
        {
          "name": "value to text",
          "value": 1
        },
        {
          "name": "range to text",
          "value": 2
        }
      ],
      "maxDataPoints": 100,
      "nullPointMode": "connected",
      "nullText": null,
      "postfix": "",
      "postfixFontSize": "50%",
      "prefix": "",
      "prefixFontSize": "50%",
      "rangeMaps": [
        {
          "from": "null",
          "text": "N/A",
          "to": "null"
        }
      ],
      "sparkline": {
        "fillColor": "rgba(31, 118, 189, 0.18)",
        "full": false,
        "lineColor": "rgb(31, 120, 193)",
        "show": true
      },
      "tableColumn": "",
      "targets": [
        {
          "application": {
            "filter": "Processes"
          },
          "functions": [],
          "group": {
            "filter": "zabbix整合"
          },
          "host": {
            "filter": "all"
          },
          "item": {
            "filter": "Number of processes"
          },
          "mode": 0,
          "options": {
            "showDisabledItems": false,
            "skipEmptyValues": false
          },
          "refId": "A",
          "resultFormat": "time_series",
          "table": {
            "skipEmptyValues": false
          },
          "triggers": {
            "acknowledged": 2,
            "count": true,
            "minSeverity": 3
          }
        }
      ],
      "thresholds": "800,900",
      "title": "Number of processes",
      "type": "singlestat",
      "valueFontSize": "80%",
      "valueMaps": [
        {
          "op": "=",
          "text": "N/A",
          "value": "null"
        }
      ],
      "valueName": "avg"
    },
    {
      "cacheTimeout": null,
      "colorBackground": true,
      "colorValue": false,
      "colors": [
        "#d44a3a",
        "rgba(237, 129, 40, 0.89)",
        "#508642"
      ],
      "datasource": "${DS_ZABBIX3.4}",
      "format": "bps",
      "gauge": {
        "maxValue": 600,
        "minValue": 0,
        "show": false,
        "thresholdLabels": false,
        "thresholdMarkers": true
      },
      "gridPos": {
        "h": 5,
        "w": 4,
        "x": 16,
        "y": 1
      },
      "id": 37,
      "interval": null,
      "links": [],
      "mappingType": 1,
      "mappingTypes": [
        {
          "name": "value to text",
          "value": 1
        },
        {
          "name": "range to text",
          "value": 2
        }
      ],
      "maxDataPoints": 100,
      "nullPointMode": "connected",
      "nullText": null,
      "postfix": "",
      "postfixFontSize": "50%",
      "prefix": "",
      "prefixFontSize": "50%",
      "rangeMaps": [
        {
          "from": "null",
          "text": "N/A",
          "to": "null"
        }
      ],
      "sparkline": {
        "fillColor": "rgba(31, 118, 189, 0.18)",
        "full": false,
        "lineColor": "rgb(31, 120, 193)",
        "show": true
      },
      "tableColumn": "",
      "targets": [
        {
          "application": {
            "filter": "Network interfaces"
          },
          "functions": [],
          "group": {
            "filter": "zabbix整合"
          },
          "host": {
            "filter": "all"
          },
          "item": {
            "filter": "Incoming network traffic on eth0"
          },
          "mode": 0,
          "options": {
            "showDisabledItems": false,
            "skipEmptyValues": false
          },
          "refId": "A",
          "resultFormat": "time_series",
          "table": {
            "skipEmptyValues": false
          },
          "triggers": {
            "acknowledged": 2,
            "count": true,
            "minSeverity": 3
          }
        }
      ],
      "thresholds": "300,500",
      "title": "Incoming network traffic",
      "type": "singlestat",
      "valueFontSize": "80%",
      "valueMaps": [
        {
          "op": "=",
          "text": "N/A",
          "value": "null"
        }
      ],
      "valueName": "avg"
    },
    {
      "cacheTimeout": null,
      "colorBackground": true,
      "colorValue": false,
      "colors": [
        "#d44a3a",
        "rgba(237, 129, 40, 0.89)",
        "#e5ac0e"
      ],
      "datasource": "${DS_ZABBIX3.4}",
      "format": "bps",
      "gauge": {
        "maxValue": 600,
        "minValue": 0,
        "show": false,
        "thresholdLabels": false,
        "thresholdMarkers": true
      },
      "gridPos": {
        "h": 5,
        "w": 4,
        "x": 20,
        "y": 1
      },
      "id": 38,
      "interval": null,
      "links": [],
      "mappingType": 1,
      "mappingTypes": [
        {
          "name": "value to text",
          "value": 1
        },
        {
          "name": "range to text",
          "value": 2
        }
      ],
      "maxDataPoints": 100,
      "nullPointMode": "connected",
      "nullText": null,
      "postfix": "",
      "postfixFontSize": "50%",
      "prefix": "",
      "prefixFontSize": "50%",
      "rangeMaps": [
        {
          "from": "null",
          "text": "N/A",
          "to": "null"
        }
      ],
      "sparkline": {
        "fillColor": "rgba(31, 118, 189, 0.18)",
        "full": false,
        "lineColor": "rgb(31, 120, 193)",
        "show": true
      },
      "tableColumn": "",
      "targets": [
        {
          "application": {
            "filter": "Network interfaces"
          },
          "functions": [],
          "group": {
            "filter": "zabbix整合"
          },
          "host": {
            "filter": "all"
          },
          "item": {
            "filter": "Outgoing network traffic on eth0"
          },
          "mode": 0,
          "options": {
            "showDisabledItems": false,
            "skipEmptyValues": false
          },
          "refId": "A",
          "resultFormat": "time_series",
          "table": {
            "skipEmptyValues": false
          },
          "triggers": {
            "acknowledged": 2,
            "count": true,
            "minSeverity": 3
          }
        }
      ],
      "thresholds": "300,500",
      "title": "Outgoing network traffic",
      "type": "singlestat",
      "valueFontSize": "80%",
      "valueMaps": [
        {
          "op": "=",
          "text": "N/A",
          "value": "null"
        }
      ],
      "valueName": "avg"
    },
    {
      "collapsed": true,
      "gridPos": {
        "h": 1,
        "w": 24,
        "x": 0,
        "y": 6
      },
      "id": 4,
      "panels": [],
      "repeat": null,
      "title": "CPU",
      "type": "row"
    },
    {
      "aliasColors": {
        "CPU iowait time": "#B7DBAB",
        "CPU system time": "#BF1B00",
        "CPU user time": "#EAB839"
      },
      "bars": false,
      "dashLength": 10,
      "dashes": false,
      "datasource": "$datasource",
      "editable": true,
      "error": false,
      "fill": 3,
      "grid": {},
      "gridPos": {
        "h": 5,
        "w": 12,
        "x": 0,
        "y": 7
      },
      "id": 1,
      "legend": {
        "alignAsTable": true,
        "avg": true,
        "current": false,
        "max": false,
        "min": false,
        "rightSide": true,
        "show": true,
        "total": false,
        "values": true
      },
      "lines": true,
      "linewidth": 1,
      "links": [],
      "nullPointMode": "connected",
      "percentage": false,
      "pointradius": 2,
      "points": false,
      "renderer": "flot",
      "seriesOverrides": [],
      "spaceLength": 10,
      "stack": true,
      "steppedLine": false,
      "targets": [
        {
          "application": {
            "filter": "CPU"
          },
          "functions": [],
          "group": {
            "filter": "$group"
          },
          "host": {
            "filter": "$host"
          },
          "item": {
            "filter": "/CPU (?!idle)/"
          },
          "mode": 0,
          "options": {
            "showDisabledItems": false
          },
          "refId": "A",
          "resultFormat": "time_series",
          "table": {
            "skipEmptyValues": false
          },
          "triggers": {
            "acknowledged": 2,
            "count": true,
            "minSeverity": 3
          }
        }
      ],
      "thresholds": [],
      "timeFrom": null,
      "timeShift": null,
      "title": "CPU",
      "tooltip": {
        "msResolution": false,
        "shared": true,
        "sort": 0,
        "value_type": "individual"
      },
      "type": "graph",
      "xaxis": {
        "buckets": null,
        "mode": "time",
        "name": null,
        "show": true,
        "values": []
      },
      "yaxes": [
        {
          "format": "percent",
          "logBase": 1,
          "max": 100,
          "min": 0,
          "show": true
        },
        {
          "format": "short",
          "logBase": 1,
          "max": null,
          "min": null,
          "show": true
        }
      ],
      "yaxis": {
        "align": false,
        "alignLevel": null
      }
    },
    {
      "aliasColors": {
        "Processor load (1 min average per core)": "#1F78C1"
      },
      "bars": true,
      "dashLength": 10,
      "dashes": false,
      "datasource": "$datasource",
      "editable": true,
      "error": false,
      "fill": 1,
      "grid": {},
      "gridPos": {
        "h": 5,
        "w": 12,
        "x": 12,
        "y": 7
      },
      "id": 2,
      "legend": {
        "alignAsTable": false,
        "avg": true,
        "current": false,
        "max": false,
        "min": false,
        "show": true,
        "total": true,
        "values": true
      },
      "lines": true,
      "linewidth": 2,
      "links": [],
      "nullPointMode": "connected",
      "percentage": false,
      "pointradius": 5,
      "points": false,
      "renderer": "flot",
      "seriesOverrides": [],
      "spaceLength": 10,
      "stack": false,
      "steppedLine": false,
      "targets": [
        {
          "application": {
            "filter": "CPU"
          },
          "functions": [
            {
              "def": {
                "category": "Alias",
                "defaultParams": [],
                "name": "setAlias",
                "params": [
                  {
                    "name": "alias",
                    "type": "string"
                  }
                ]
              },
              "params": [
                "1分钟"
              ],
              "text": "setAlias(1分钟)"
            }
          ],
          "group": {
            "filter": "$group"
          },
          "host": {
            "filter": "$host"
          },
          "item": {
            "filter": "Processor load (1 min average per core)"
          },
          "mode": 0,
          "options": {
            "showDisabledItems": false
          },
          "refId": "A",
          "resultFormat": "time_series",
          "table": {
            "skipEmptyValues": false
          },
          "triggers": {
            "acknowledged": 2,
            "count": true,
            "minSeverity": 3
          }
        },
        {
          "application": {
            "filter": "CPU"
          },
          "functions": [
            {
              "def": {
                "category": "Alias",
                "defaultParams": [],
                "name": "setAlias",
                "params": [
                  {
                    "name": "alias",
                    "type": "string"
                  }
                ]
              },
              "params": [
                "5分钟"
              ],
              "text": "setAlias(5分钟)"
            }
          ],
          "group": {
            "filter": "$group"
          },
          "host": {
            "filter": "$host"
          },
          "item": {
            "filter": "Processor load (5 min average per core)"
          },
          "mode": 0,
          "options": {
            "showDisabledItems": false
          },
          "refId": "B",
          "resultFormat": "time_series",
          "table": {
            "skipEmptyValues": false
          },
          "triggers": {
            "acknowledged": 2,
            "count": true,
            "minSeverity": 3
          }
        },
        {
          "application": {
            "filter": "CPU"
          },
          "functions": [
            {
              "def": {
                "category": "Alias",
                "defaultParams": [],
                "name": "setAlias",
                "params": [
                  {
                    "name": "alias",
                    "type": "string"
                  }
                ]
              },
              "params": [
                "15分钟"
              ],
              "text": "setAlias(15分钟)"
            }
          ],
          "group": {
            "filter": "$group"
          },
          "host": {
            "filter": "$host"
          },
          "item": {
            "filter": "Processor load (15 min average per core)"
          },
          "mode": 0,
          "options": {
            "showDisabledItems": false
          },
          "refId": "C",
          "resultFormat": "time_series",
          "table": {
            "skipEmptyValues": false
          },
          "triggers": {
            "acknowledged": 2,
            "count": true,
            "minSeverity": 3
          }
        }
      ],
      "thresholds": [],
      "timeFrom": null,
      "timeShift": null,
      "title": "System load",
      "tooltip": {
        "msResolution": false,
        "shared": true,
        "sort": 0,
        "value_type": "cumulative"
      },
      "type": "graph",
      "xaxis": {
        "buckets": null,
        "mode": "time",
        "name": null,
        "show": true,
        "values": []
      },
      "yaxes": [
        {
          "format": "percent",
          "logBase": 1,
          "max": null,
          "min": 0,
          "show": true
        },
        {
          "format": "short",
          "logBase": 1,
          "max": null,
          "min": null,
          "show": true
        }
      ],
      "yaxis": {
        "align": false,
        "alignLevel": null
      }
    },
    {
      "collapsed": false,
      "gridPos": {
        "h": 1,
        "w": 24,
        "x": 0,
        "y": 12
      },
      "id": 15,
      "panels": [],
      "title": "Processes",
      "type": "row"
    },
    {
      "aliasColors": {},
      "bars": true,
      "dashLength": 10,
      "dashes": false,
      "datasource": "${DS_ZABBIX3.4}",
      "fill": 1,
      "gridPos": {
        "h": 5,
        "w": 12,
        "x": 0,
        "y": 13
      },
      "id": 32,
      "legend": {
        "alignAsTable": true,
        "avg": false,
        "current": true,
        "max": false,
        "min": false,
        "rightSide": true,
        "show": true,
        "total": false,
        "values": true
      },
      "lines": true,
      "linewidth": 2,
      "links": [],
      "nullPointMode": "null",
      "percentage": false,
      "pointradius": 5,
      "points": false,
      "renderer": "flot",
      "seriesOverrides": [
        {
          "alias": "Available memory",
          "color": "#1f78c1"
        }
      ],
      "spaceLength": 10,
      "stack": false,
      "steppedLine": false,
      "targets": [
        {
          "application": {
            "filter": "Memory"
          },
          "functions": [],
          "group": {
            "filter": "$group"
          },
          "host": {
            "filter": "$host"
          },
          "item": {
            "filter": "Available memory"
          },
          "mode": 0,
          "options": {
            "showDisabledItems": false,
            "skipEmptyValues": false
          },
          "refId": "A",
          "resultFormat": "time_series",
          "table": {
            "skipEmptyValues": false
          },
          "triggers": {
            "acknowledged": 2,
            "count": true,
            "minSeverity": 3
          }
        }
      ],
      "thresholds": [],
      "timeFrom": null,
      "timeShift": null,
      "title": "Available memory",
      "tooltip": {
        "shared": true,
        "sort": 0,
        "value_type": "individual"
      },
      "type": "graph",
      "xaxis": {
        "buckets": null,
        "mode": "time",
        "name": null,
        "show": true,
        "values": []
      },
      "yaxes": [
        {
          "format": "bytes",
          "label": null,
          "logBase": 1,
          "max": null,
          "min": null,
          "show": true
        },
        {
          "format": "short",
          "label": null,
          "logBase": 1,
          "max": null,
          "min": null,
          "show": true
        }
      ],
      "yaxis": {
        "align": false,
        "alignLevel": null
      }
    },
    {
      "aliasColors": {},
      "bars": true,
      "dashLength": 10,
      "dashes": false,
      "datasource": "${DS_ZABBIX3.4}",
      "fill": 1,
      "gridPos": {
        "h": 5,
        "w": 12,
        "x": 12,
        "y": 13
      },
      "id": 33,
      "legend": {
        "alignAsTable": true,
        "avg": false,
        "current": true,
        "max": false,
        "min": false,
        "rightSide": true,
        "show": true,
        "total": false,
        "values": true
      },
      "lines": true,
      "linewidth": 2,
      "links": [],
      "nullPointMode": "null",
      "percentage": false,
      "pointradius": 5,
      "points": false,
      "renderer": "flot",
      "seriesOverrides": [
        {
          "alias": "Free swap space",
          "color": "#e5ac0e"
        }
      ],
      "spaceLength": 10,
      "stack": false,
      "steppedLine": false,
      "targets": [
        {
          "application": {
            "filter": "Memory"
          },
          "functions": [],
          "group": {
            "filter": "$group"
          },
          "host": {
            "filter": "$host"
          },
          "item": {
            "filter": "Free swap space"
          },
          "mode": 0,
          "options": {
            "showDisabledItems": false,
            "skipEmptyValues": false
          },
          "refId": "A",
          "resultFormat": "time_series",
          "table": {
            "skipEmptyValues": false
          },
          "triggers": {
            "acknowledged": 2,
            "count": true,
            "minSeverity": 3
          }
        }
      ],
      "thresholds": [],
      "timeFrom": null,
      "timeShift": null,
      "title": "Free swap space",
      "tooltip": {
        "shared": true,
        "sort": 0,
        "value_type": "individual"
      },
      "type": "graph",
      "xaxis": {
        "buckets": null,
        "mode": "time",
        "name": null,
        "show": true,
        "values": []
      },
      "yaxes": [
        {
          "format": "bytes",
          "label": null,
          "logBase": 1,
          "max": null,
          "min": null,
          "show": true
        },
        {
          "format": "short",
          "label": null,
          "logBase": 1,
          "max": null,
          "min": null,
          "show": true
        }
      ],
      "yaxis": {
        "align": false,
        "alignLevel": null
      }
    },
    {
      "aliasColors": {},
      "bars": false,
      "dashLength": 10,
      "dashes": false,
      "datasource": "${DS_ZABBIX3.4}",
      "fill": 1,
      "gridPos": {
        "h": 5,
        "w": 12,
        "x": 0,
        "y": 18
      },
      "id": 18,
      "legend": {
        "avg": true,
        "current": true,
        "max": false,
        "min": false,
        "show": true,
        "total": false,
        "values": true
      },
      "lines": true,
      "linewidth": 2,
      "links": [],
      "nullPointMode": "null",
      "percentage": false,
      "pointradius": 5,
      "points": false,
      "renderer": "flot",
      "seriesOverrides": [
        {
          "alias": "Number of processes",
          "color": "#bf1b00"
        }
      ],
      "spaceLength": 10,
      "stack": false,
      "steppedLine": false,
      "targets": [
        {
          "application": {
            "filter": "Processes"
          },
          "functions": [],
          "group": {
            "filter": "$group"
          },
          "host": {
            "filter": "$host"
          },
          "item": {
            "filter": "Number of processes"
          },
          "mode": 0,
          "options": {
            "showDisabledItems": false,
            "skipEmptyValues": false
          },
          "refId": "A",
          "resultFormat": "time_series",
          "table": {
            "skipEmptyValues": false
          },
          "triggers": {
            "acknowledged": 2,
            "count": true,
            "minSeverity": 3
          }
        }
      ],
      "thresholds": [],
      "timeFrom": null,
      "timeShift": null,
      "title": "Number of processes",
      "tooltip": {
        "shared": true,
        "sort": 0,
        "value_type": "individual"
      },
      "type": "graph",
      "xaxis": {
        "buckets": null,
        "mode": "time",
        "name": null,
        "show": true,
        "values": []
      },
      "yaxes": [
        {
          "format": "none",
          "label": null,
          "logBase": 1,
          "max": null,
          "min": null,
          "show": true
        },
        {
          "format": "short",
          "label": null,
          "logBase": 1,
          "max": null,
          "min": null,
          "show": true
        }
      ],
      "yaxis": {
        "align": false,
        "alignLevel": null
      }
    },
    {
      "aliasColors": {},
      "bars": false,
      "dashLength": 10,
      "dashes": false,
      "datasource": "${DS_ZABBIX3.4}",
      "fill": 1,
      "gridPos": {
        "h": 5,
        "w": 12,
        "x": 12,
        "y": 18
      },
      "id": 17,
      "legend": {
        "avg": true,
        "current": true,
        "max": false,
        "min": false,
        "show": true,
        "total": false,
        "values": true
      },
      "lines": true,
      "linewidth": 2,
      "links": [],
      "nullPointMode": "null",
      "percentage": false,
      "pointradius": 5,
      "points": false,
      "renderer": "flot",
      "seriesOverrides": [
        {
          "alias": "Number of processes",
          "color": "#e5ac0e"
        }
      ],
      "spaceLength": 10,
      "stack": false,
      "steppedLine": false,
      "targets": [
        {
          "application": {
            "filter": "Processes"
          },
          "functions": [],
          "group": {
            "filter": "$group"
          },
          "host": {
            "filter": "$host"
          },
          "item": {
            "filter": "Number of running processes"
          },
          "mode": 0,
          "options": {
            "showDisabledItems": false,
            "skipEmptyValues": false
          },
          "refId": "A",
          "resultFormat": "time_series",
          "table": {
            "skipEmptyValues": false
          },
          "triggers": {
            "acknowledged": 2,
            "count": true,
            "minSeverity": 3
          }
        }
      ],
      "thresholds": [],
      "timeFrom": null,
      "timeShift": null,
      "title": "Number of running processes",
      "tooltip": {
        "shared": true,
        "sort": 0,
        "value_type": "individual"
      },
      "type": "graph",
      "xaxis": {
        "buckets": null,
        "mode": "time",
        "name": null,
        "show": true,
        "values": []
      },
      "yaxes": [
        {
          "format": "short",
          "label": null,
          "logBase": 1,
          "max": null,
          "min": null,
          "show": true
        },
        {
          "format": "short",
          "label": null,
          "logBase": 1,
          "max": null,
          "min": null,
          "show": true
        }
      ],
      "yaxis": {
        "align": false,
        "alignLevel": null
      }
    },
    {
      "collapsed": false,
      "gridPos": {
        "h": 1,
        "w": 24,
        "x": 0,
        "y": 23
      },
      "id": 5,
      "panels": [],
      "repeat": null,
      "title": "Network",
      "type": "row"
    },
    {
      "aliasColors": {},
      "bars": false,
      "dashLength": 10,
      "dashes": false,
      "datasource": "$datasource",
      "editable": true,
      "error": false,
      "fill": 3,
      "grid": {},
      "gridPos": {
        "h": 5,
        "w": 12,
        "x": 0,
        "y": 24
      },
      "id": 3,
      "legend": {
        "alignAsTable": false,
        "avg": false,
        "current": false,
        "max": false,
        "min": false,
        "rightSide": false,
        "show": true,
        "total": false,
        "values": false
      },
      "lines": true,
      "linewidth": 2,
      "links": [],
      "minSpan": 8,
      "nullPointMode": "connected",
      "percentage": false,
      "pointradius": 5,
      "points": false,
      "renderer": "flot",
      "repeat": "netif",
      "seriesOverrides": [
        {
          "alias": "/Incoming/",
          "transform": "negative-Y"
        }
      ],
      "spaceLength": 10,
      "stack": false,
      "steppedLine": false,
      "targets": [
        {
          "application": {
            "filter": ""
          },
          "functions": [],
          "group": {
            "filter": "$group"
          },
          "host": {
            "filter": "$host"
          },
          "item": {
            "filter": "/$netif/"
          },
          "mode": 0,
          "options": {
            "showDisabledItems": false,
            "skipEmptyValues": false
          },
          "refId": "A",
          "resultFormat": "time_series",
          "table": {
            "skipEmptyValues": false
          },
          "triggers": {
            "acknowledged": 2,
            "count": true,
            "minSeverity": 3
          }
        }
      ],
      "thresholds": [],
      "timeFrom": null,
      "timeShift": null,
      "title": "Network traffic on $netif",
      "tooltip": {
        "msResolution": false,
        "shared": true,
        "sort": 0,
        "value_type": "cumulative"
      },
      "type": "graph",
      "xaxis": {
        "buckets": null,
        "mode": "time",
        "name": null,
        "show": true,
        "values": []
      },
      "yaxes": [
        {
          "format": "bps",
          "logBase": 1,
          "max": null,
          "min": null,
          "show": true
        },
        {
          "format": "short",
          "logBase": 1,
          "max": null,
          "min": null,
          "show": true
        }
      ],
      "yaxis": {
        "align": false,
        "alignLevel": null
      }
    },
    {
      "aliasColors": {},
      "bars": false,
      "dashLength": 10,
      "dashes": false,
      "datasource": "$datasource",
      "editable": true,
      "error": false,
      "fill": 3,
      "grid": {},
      "gridPos": {
        "h": 5,
        "w": 12,
        "x": 12,
        "y": 24
      },
      "id": 29,
      "legend": {
        "alignAsTable": false,
        "avg": false,
        "current": false,
        "max": false,
        "min": false,
        "rightSide": false,
        "show": true,
        "total": false,
        "values": false
      },
      "lines": true,
      "linewidth": 2,
      "links": [],
      "minSpan": 8,
      "nullPointMode": "connected",
      "percentage": false,
      "pointradius": 5,
      "points": false,
      "renderer": "flot",
      "seriesOverrides": [
        {
          "alias": "/Incoming/",
          "transform": "negative-Y"
        }
      ],
      "spaceLength": 10,
      "stack": false,
      "steppedLine": false,
      "targets": [
        {
          "application": {
            "filter": ""
          },
          "functions": [],
          "group": {
            "filter": "$group"
          },
          "host": {
            "filter": "$host"
          },
          "item": {
            "filter": ""
          },
          "mode": 0,
          "options": {
            "showDisabledItems": false,
            "skipEmptyValues": false
          },
          "refId": "A",
          "resultFormat": "time_series",
          "table": {
            "skipEmptyValues": false
          },
          "triggers": {
            "acknowledged": 2,
            "count": true,
            "minSeverity": 3
          }
        }
      ],
      "thresholds": [],
      "timeFrom": null,
      "timeShift": null,
      "title": "TCP",
      "tooltip": {
        "msResolution": false,
        "shared": true,
        "sort": 0,
        "value_type": "cumulative"
      },
      "type": "graph",
      "xaxis": {
        "buckets": null,
        "mode": "time",
        "name": null,
        "show": true,
        "values": []
      },
      "yaxes": [
        {
          "format": "bps",
          "logBase": 1,
          "max": null,
          "min": null,
          "show": true
        },
        {
          "format": "short",
          "logBase": 1,
          "max": null,
          "min": null,
          "show": true
        }
      ],
      "yaxis": {
        "align": false,
        "alignLevel": null
      }
    },
    {
      "collapsed": false,
      "gridPos": {
        "h": 1,
        "w": 24,
        "x": 0,
        "y": 29
      },
      "id": 9,
      "panels": [],
      "title": "Disk",
      "type": "row"
    },
    {
      "aliasColors": {},
      "breakPoint": "50%",
      "cacheTimeout": null,
      "combine": {
        "label": "Others",
        "threshold": 0
      },
      "datasource": "${DS_ZABBIX3.4}",
      "fontSize": "80%",
      "format": "bytes",
      "gridPos": {
        "h": 6,
        "w": 6,
        "x": 0,
        "y": 30
      },
      "id": 10,
      "interval": null,
      "legend": {
        "percentage": true,
        "show": true,
        "values": false
      },
      "legendType": "Right side",
      "links": [],
      "maxDataPoints": 3,
      "nullPointMode": "connected",
      "pieType": "pie",
      "strokeWidth": 1,
      "targets": [
        {
          "application": {
            "filter": "Filesystems"
          },
          "functions": [],
          "group": {
            "filter": "$group"
          },
          "host": {
            "filter": "$host"
          },
          "item": {
            "filter": "Free disk space on /boot"
          },
          "mode": 0,
          "options": {
            "showDisabledItems": false,
            "skipEmptyValues": false
          },
          "refId": "A",
          "resultFormat": "time_series",
          "table": {
            "skipEmptyValues": false
          },
          "triggers": {
            "acknowledged": 2,
            "count": true,
            "minSeverity": 3
          }
        },
        {
          "application": {
            "filter": "Filesystems"
          },
          "functions": [],
          "group": {
            "filter": "$group"
          },
          "host": {
            "filter": "$host"
          },
          "item": {
            "filter": "Used disk space on /boot"
          },
          "mode": 0,
          "options": {
            "showDisabledItems": false,
            "skipEmptyValues": false
          },
          "refId": "B",
          "resultFormat": "time_series",
          "table": {
            "skipEmptyValues": false
          },
          "triggers": {
            "acknowledged": 2,
            "count": true,
            "minSeverity": 3
          }
        }
      ],
      "title": "boot",
      "type": "grafana-piechart-panel",
      "valueName": "current"
    },
    {
      "aliasColors": {},
      "breakPoint": "50%",
      "cacheTimeout": null,
      "combine": {
        "label": "Others",
        "threshold": 0
      },
      "datasource": "${DS_ZABBIX3.4}",
      "fontSize": "80%",
      "format": "bytes",
      "gridPos": {
        "h": 6,
        "w": 6,
        "x": 6,
        "y": 30
      },
      "id": 13,
      "interval": null,
      "legend": {
        "percentage": true,
        "show": true,
        "values": false
      },
      "legendType": "Right side",
      "links": [],
      "maxDataPoints": 3,
      "nullPointMode": "connected",
      "pieType": "pie",
      "strokeWidth": 1,
      "targets": [
        {
          "application": {
            "filter": ""
          },
          "functions": [],
          "group": {
            "filter": "$group"
          },
          "host": {
            "filter": "$host"
          },
          "item": {
            "filter": "Free disk space on /opt"
          },
          "mode": 0,
          "options": {
            "showDisabledItems": false,
            "skipEmptyValues": false
          },
          "refId": "A",
          "resultFormat": "time_series",
          "table": {
            "skipEmptyValues": false
          },
          "triggers": {
            "acknowledged": 2,
            "count": true,
            "minSeverity": 3
          }
        },
        {
          "application": {
            "filter": ""
          },
          "functions": [],
          "group": {
            "filter": "$group"
          },
          "host": {
            "filter": "$host"
          },
          "item": {
            "filter": "$disk"
          },
          "mode": 0,
          "options": {
            "showDisabledItems": false,
            "skipEmptyValues": false
          },
          "refId": "B",
          "resultFormat": "time_series",
          "table": {
            "skipEmptyValues": false
          },
          "triggers": {
            "acknowledged": 2,
            "count": true,
            "minSeverity": 3
          }
        }
      ],
      "title": "/",
      "type": "grafana-piechart-panel",
      "valueName": "current"
    },
    {
      "aliasColors": {},
      "bars": false,
      "dashLength": 10,
      "dashes": false,
      "datasource": "${DS_ZABBIX3.4}",
      "fill": 1,
      "gridPos": {
        "h": 6,
        "w": 12,
        "x": 12,
        "y": 30
      },
      "id": 12,
      "legend": {
        "avg": false,
        "current": false,
        "max": false,
        "min": false,
        "show": true,
        "total": false,
        "values": false
      },
      "lines": true,
      "linewidth": 1,
      "links": [],
      "nullPointMode": "null",
      "percentage": false,
      "pointradius": 5,
      "points": false,
      "renderer": "flot",
      "seriesOverrides": [],
      "spaceLength": 10,
      "stack": false,
      "steppedLine": false,
      "targets": [
        {
          "application": {
            "filter": "Filesystems"
          },
          "functions": [],
          "group": {
            "filter": "$group"
          },
          "host": {
            "filter": "$host"
          },
          "item": {
            "filter": "Free inodes on / (percentage)"
          },
          "mode": 0,
          "options": {
            "showDisabledItems": false,
            "skipEmptyValues": false
          },
          "refId": "A",
          "resultFormat": "time_series",
          "table": {
            "skipEmptyValues": false
          },
          "triggers": {
            "acknowledged": 2,
            "count": true,
            "minSeverity": 3
          }
        },
        {
          "application": {
            "filter": "Filesystems"
          },
          "functions": [],
          "group": {
            "filter": "$group"
          },
          "host": {
            "filter": "$host"
          },
          "item": {
            "filter": "Free inodes on /boot (percentage)"
          },
          "mode": 0,
          "options": {
            "showDisabledItems": false,
            "skipEmptyValues": false
          },
          "refId": "B",
          "resultFormat": "time_series",
          "table": {
            "skipEmptyValues": false
          },
          "triggers": {
            "acknowledged": 2,
            "count": true,
            "minSeverity": 3
          }
        }
      ],
      "thresholds": [],
      "timeFrom": null,
      "timeShift": null,
      "title": "inodes",
      "tooltip": {
        "shared": true,
        "sort": 0,
        "value_type": "individual"
      },
      "type": "graph",
      "xaxis": {
        "buckets": null,
        "mode": "time",
        "name": null,
        "show": true,
        "values": []
      },
      "yaxes": [
        {
          "format": "none",
          "label": null,
          "logBase": 1,
          "max": null,
          "min": null,
          "show": true
        },
        {
          "format": "short",
          "label": null,
          "logBase": 1,
          "max": null,
          "min": null,
          "show": true
        }
      ],
      "yaxis": {
        "align": false,
        "alignLevel": null
      }
    }
  ],
  "refresh": false,
  "schemaVersion": 16,
  "style": "dark",
  "tags": [
    "zabbix",
    "example"
  ],
  "templating": {
    "list": [
      {
        "current": {
          "text": "zabbix3.4",
          "value": "zabbix3.4"
        },
        "hide": 0,
        "label": "Zabbix Data Source",
        "name": "datasource",
        "options": [],
        "query": "alexanderzobnin-zabbix-datasource",
        "refresh": 1,
        "regex": "",
        "type": "datasource"
      },
      {
        "allFormat": "regex values",
        "allValue": null,
        "current": {},
        "datasource": "$datasource",
        "hide": 0,
        "includeAll": false,
        "label": "Group",
        "multi": false,
        "multiFormat": "glob",
        "name": "group",
        "options": [],
        "query": "*",
        "refresh": 1,
        "refresh_on_load": false,
        "regex": "",
        "sort": 0,
        "tagValuesQuery": "",
        "tags": [],
        "tagsQuery": "",
        "type": "query",
        "useTags": false
      },
      {
        "allFormat": "glob",
        "allValue": null,
        "current": {},
        "datasource": "$datasource",
        "hide": 0,
        "includeAll": false,
        "label": "Host",
        "multi": false,
        "multiFormat": "glob",
        "name": "host",
        "options": [],
        "query": "$group.*",
        "refresh": 1,
        "refresh_on_load": false,
        "regex": "",
        "sort": 0,
        "tagValuesQuery": "",
        "tags": [],
        "tagsQuery": "",
        "type": "query",
        "useTags": false
      },
      {
        "allValue": null,
        "current": {},
        "datasource": "$datasource",
        "hide": 0,
        "includeAll": true,
        "label": "Free disk space",
        "multi": true,
        "name": "disk",
        "options": [],
        "query": "*.$host.Free disk space.*",
        "refresh": 1,
        "regex": "",
        "sort": 0,
        "tagValuesQuery": "",
        "tags": [],
        "tagsQuery": "",
        "type": "query",
        "useTags": false
      },
      {
        "allFormat": "regex values",
        "allValue": null,
        "current": {},
        "datasource": "$datasource",
        "hide": 0,
        "hideLabel": false,
        "includeAll": true,
        "label": "Network interface",
        "multi": true,
        "multiFormat": "regex values",
        "name": "netif",
        "options": [],
        "query": "*.$host.Network interfaces.*",
        "refresh": 1,
        "refresh_on_load": false,
        "regex": "/(?:Incoming|Outgoing) network traffic on (.*)/",
        "sort": 0,
        "tagValuesQuery": "",
        "tags": [],
        "tagsQuery": "",
        "type": "query",
        "useTags": false
      }
    ]
  },
  "time": {
    "from": "now-3h",
    "to": "now"
  },
  "timepicker": {
    "now": true,
    "refresh_intervals": [
      "30s",
      "1m",
      "5m",
      "15m",
      "30m",
      "1h",
      "3h",
      "2h",
      "1d"
    ],
    "time_options": [
      "5m",
      "15m",
      "1h",
      "6h",
      "12h",
      "24h",
      "2d",
      "7d",
      "30d"
    ]
  },
  "timezone": "browser",
  "title": "01-Zabbix-主机资源监控",
  "uid": "syQm-sZik",
  "version": 42
}