{
  "__inputs": [
    {
      "name": "DS_ZABBIX(MYSQL)",
      "label": "zabbix(mysql)",
      "description": "",
      "type": "datasource",
      "pluginId": "mysql",
      "pluginName": "MySQL"
    }
  ],
  "__requires": [
    {
      "type": "panel",
      "id": "alexanderzobnin-zabbix-triggers-panel",
      "name": "Zabbix Triggers",
      "version": ""
    },
    {
      "type": "grafana",
      "id": "grafana",
      "name": "Grafana",
      "version": "5.1.3"
    },
    {
      "type": "datasource",
      "id": "mysql",
      "name": "MySQL",
      "version": "5.0.0"
    },
    {
      "type": "panel",
      "id": "table",
      "name": "Table",
      "version": "5.0.0"
    }
  ],
  "annotations": {
    "list": [
      {
        "builtIn": 1,
        "datasource": "-- Grafana --",
        "enable": true,
        "hide": true,
        "iconColor": "rgba(0, 211, 255, 1)",
        "name": "Annotations & Alerts",
        "type": "dashboard"
      }
    ]
  },
  "editable": true,
  "gnetId": null,
  "graphTooltip": 0,
  "id": null,
  "links": [
    {
      "icon": "doc",
      "includeVars": true,
      "keepTime": true,
      "tags": [],
      "title": "01-Zabbix-主机资源监控",
      "tooltip": "01-Zabbix-主机资源监控",
      "type": "link",
      "url": "http://192.168.58.58:3000/d/syQm-sZik/01-zabbix-zhu-ji-zi-yuan-jian-kong?orgId=1"
    },
    {
      "icon": "dashboard",
      "includeVars": true,
      "keepTime": true,
      "tags": [],
      "title": "03-Zabbix监控-ALL服务器",
      "tooltip": "03-Zabbix监控-ALL服务器",
      "type": "link",
      "url": "http://172.16.8.18:3000/d/RQjUt6Iiz/03-zabbixjian-kong-allfu-wu-qi?orgId=1"
    }
  ],
  "panels": [
    {
      "collapsed": true,
      "gridPos": {
        "h": 1,
        "w": 24,
        "x": 0,
        "y": 0
      },
      "id": 6,
      "panels": [],
      "title": "未处理的监控告警",
      "type": "row"
    },
    {
      "ackEventColor": "rgb(56, 219, 156)",
      "customLastChangeFormat": false,
      "datasources": [
        "zabbix3.4"
      ],
      "descriptionAtNewLine": false,
      "descriptionField": true,
      "fontSize": "100%",
      "gridPos": {
        "h": 10,
        "w": 6,
        "x": 0,
        "y": 1
      },
      "highlightBackground": false,
      "highlightNewEvents": false,
      "highlightNewerThan": "1h",
      "hostField": true,
      "hostGroups": false,
      "hostTechNameField": false,
      "hostsInMaintenance": true,
      "id": 20,
      "lastChangeFormat": "",
      "limit": 100,
      "links": [],
      "okEventColor": "rgb(56, 189, 113)",
      "pageSize": 10,
      "schemaVersion": 4,
      "severityField": true,
      "showEvents": {
        "text": "Problems",
        "value": "1"
      },
      "showTags": true,
      "showTriggers": "all triggers",
      "sortTriggersBy": {
        "text": "last change",
        "value": "lastchange"
      },
      "statusField": true,
      "targets": {
        "zabbix3.4": {
          "application": {
            "filter": ""
          },
          "group": {
            "filter": ""
          },
          "host": {
            "filter": ""
          },
          "tags": {
            "filter": ""
          },
          "trigger": {
            "filter": "/^基础服务/"
          }
        }
      },
      "title": "(基础服务)未处理监控告警",
      "triggerSeverity": [
        {
          "color": "rgb(108, 108, 108)",
          "priority": 0,
          "severity": "Not classified",
          "show": true
        },
        {
          "color": "rgb(120, 158, 183)",
          "priority": 1,
          "severity": "Information",
          "show": true
        },
        {
          "color": "rgb(175, 180, 36)",
          "priority": 2,
          "severity": "Warning",
          "show": true
        },
        {
          "color": "rgb(255, 137, 30)",
          "priority": 3,
          "severity": "Average",
          "show": true
        },
        {
          "color": "rgb(255, 101, 72)",
          "priority": 4,
          "severity": "High",
          "show": true
        },
        {
          "color": "rgb(215, 0, 0)",
          "priority": 5,
          "severity": "Disaster",
          "show": true
        }
      ],
      "type": "alexanderzobnin-zabbix-triggers-panel"
    },
    {
      "ackEventColor": "rgb(56, 219, 156)",
      "customLastChangeFormat": false,
      "datasources": [
        "zabbix3.4"
      ],
      "descriptionAtNewLine": false,
      "descriptionField": true,
      "fontSize": "100%",
      "gridPos": {
        "h": 10,
        "w": 6,
        "x": 6,
        "y": 1
      },
      "highlightBackground": false,
      "highlightNewEvents": false,
      "highlightNewerThan": "1h",
      "hostField": true,
      "hostGroups": false,
      "hostTechNameField": false,
      "hostsInMaintenance": true,
      "id": 21,
      "lastChangeFormat": "",
      "limit": 100,
      "links": [],
      "okEventColor": "rgb(56, 189, 113)",
      "pageSize": 10,
      "schemaVersion": 4,
      "severityField": true,
      "showEvents": {
        "text": "Problems",
        "value": "1"
      },
      "showTags": true,
      "showTriggers": "all triggers",
      "sortTriggersBy": {
        "text": "last change",
        "value": "lastchange"
      },
      "statusField": true,
      "targets": {
        "zabbix3.4": {
          "application": {
            "filter": ""
          },
          "group": {
            "filter": ""
          },
          "host": {
            "filter": ""
          },
          "tags": {
            "filter": ""
          },
          "trigger": {
            "filter": "/^中间件/"
          }
        }
      },
      "title": "(中间件)未处理监控告警",
      "triggerSeverity": [
        {
          "color": "rgb(108, 108, 108)",
          "priority": 0,
          "severity": "Not classified",
          "show": true
        },
        {
          "color": "rgb(120, 158, 183)",
          "priority": 1,
          "severity": "Information",
          "show": true
        },
        {
          "color": "rgb(175, 180, 36)",
          "priority": 2,
          "severity": "Warning",
          "show": true
        },
        {
          "color": "rgb(255, 137, 30)",
          "priority": 3,
          "severity": "Average",
          "show": true
        },
        {
          "color": "rgb(255, 101, 72)",
          "priority": 4,
          "severity": "High",
          "show": true
        },
        {
          "color": "rgb(215, 0, 0)",
          "priority": 5,
          "severity": "Disaster",
          "show": true
        }
      ],
      "type": "alexanderzobnin-zabbix-triggers-panel"
    },
    {
      "ackEventColor": "rgb(56, 219, 156)",
      "customLastChangeFormat": false,
      "datasources": [
        "zabbix3.4"
      ],
      "descriptionAtNewLine": false,
      "descriptionField": true,
      "fontSize": "100%",
      "gridPos": {
        "h": 10,
        "w": 6,
        "x": 12,
        "y": 1
      },
      "highlightBackground": false,
      "highlightNewEvents": false,
      "highlightNewerThan": "1h",
      "hostField": true,
      "hostGroups": false,
      "hostTechNameField": false,
      "hostsInMaintenance": true,
      "id": 22,
      "lastChangeFormat": "",
      "limit": 100,
      "links": [],
      "okEventColor": "rgb(56, 189, 113)",
      "pageSize": 10,
      "schemaVersion": 4,
      "severityField": true,
      "showEvents": {
        "text": "Problems",
        "value": "1"
      },
      "showTags": true,
      "showTriggers": "all triggers",
      "sortTriggersBy": {
        "text": "last change",
        "value": "lastchange"
      },
      "statusField": true,
      "targets": {
        "zabbix3.4": {
          "application": {
            "filter": ""
          },
          "group": {
            "filter": ""
          },
          "host": {
            "filter": ""
          },
          "tags": {
            "filter": ""
          },
          "trigger": {
            "filter": "/^业务监控/"
          }
        }
      },
      "title": "业务未处理监控告警",
      "triggerSeverity": [
        {
          "color": "rgb(108, 108, 108)",
          "priority": 0,
          "severity": "Not classified",
          "show": true
        },
        {
          "color": "rgb(120, 158, 183)",
          "priority": 1,
          "severity": "Information",
          "show": true
        },
        {
          "color": "rgb(175, 180, 36)",
          "priority": 2,
          "severity": "Warning",
          "show": true
        },
        {
          "color": "rgb(255, 137, 30)",
          "priority": 3,
          "severity": "Average",
          "show": true
        },
        {
          "color": "rgb(255, 101, 72)",
          "priority": 4,
          "severity": "High",
          "show": true
        },
        {
          "color": "rgb(215, 0, 0)",
          "priority": 5,
          "severity": "Disaster",
          "show": true
        }
      ],
      "type": "alexanderzobnin-zabbix-triggers-panel"
    },
    {
      "ackEventColor": "rgb(56, 219, 156)",
      "customLastChangeFormat": false,
      "datasources": [
        "zabbix3.4"
      ],
      "descriptionAtNewLine": false,
      "descriptionField": true,
      "fontSize": "100%",
      "gridPos": {
        "h": 10,
        "w": 6,
        "x": 18,
        "y": 1
      },
      "highlightBackground": false,
      "highlightNewEvents": false,
      "highlightNewerThan": "1h",
      "hostField": true,
      "hostGroups": false,
      "hostTechNameField": false,
      "hostsInMaintenance": true,
      "id": 23,
      "lastChangeFormat": "",
      "limit": 100,
      "links": [],
      "okEventColor": "rgb(56, 189, 113)",
      "pageSize": 10,
      "schemaVersion": 4,
      "severityField": true,
      "showEvents": {
        "text": "Problems",
        "value": "1"
      },
      "showTags": true,
      "showTriggers": "all triggers",
      "sortTriggersBy": {
        "text": "last change",
        "value": "lastchange"
      },
      "statusField": true,
      "targets": {
        "zabbix3.4": {
          "application": {
            "filter": ""
          },
          "group": {
            "filter": ""
          },
          "host": {
            "filter": ""
          },
          "tags": {
            "filter": ""
          },
          "trigger": {
            "filter": "/^数据库/"
          }
        }
      },
      "title": "数据库未处理监控告警",
      "triggerSeverity": [
        {
          "color": "rgb(108, 108, 108)",
          "priority": 0,
          "severity": "Not classified",
          "show": true
        },
        {
          "color": "rgb(120, 158, 183)",
          "priority": 1,
          "severity": "Information",
          "show": true
        },
        {
          "color": "rgb(175, 180, 36)",
          "priority": 2,
          "severity": "Warning",
          "show": true
        },
        {
          "color": "rgb(255, 137, 30)",
          "priority": 3,
          "severity": "Average",
          "show": true
        },
        {
          "color": "rgb(255, 101, 72)",
          "priority": 4,
          "severity": "High",
          "show": true
        },
        {
          "color": "rgb(215, 0, 0)",
          "priority": 5,
          "severity": "Disaster",
          "show": true
        }
      ],
      "type": "alexanderzobnin-zabbix-triggers-panel"
    },
    {
      "collapsed": true,
      "gridPos": {
        "h": 1,
        "w": 24,
        "x": 0,
        "y": 11
      },
      "id": 10,
      "panels": [],
      "title": "监控告警统计",
      "type": "row"
    },
    {
      "columns": [],
      "datasource": "${DS_ZABBIX(MYSQL)}",
      "fontSize": "100%",
      "gridPos": {
        "h": 9,
        "w": 12,
        "x": 0,
        "y": 12
      },
      "id": 18,
      "links": [],
      "pageSize": null,
      "scroll": true,
      "showHeader": true,
      "sort": {
        "col": 0,
        "desc": true
      },
      "styles": [
        {
          "alias": "Time",
          "dateFormat": "YYYY-MM-DD HH:mm:ss",
          "pattern": "Time",
          "type": "date"
        },
        {
          "alias": "",
          "colorMode": "cell",
          "colors": [
            "rgba(50, 172, 45, 0.97)",
            "rgba(237, 129, 40, 0.89)",
            "rgba(245, 54, 54, 0.9)"
          ],
          "decimals": 2,
          "pattern": "/.*/",
          "thresholds": [
            "2",
            "3"
          ],
          "type": "number",
          "unit": "short"
        }
      ],
      "targets": [
        {
          "alias": "",
          "format": "table",
          "rawSql": "SELECT h.name AS'主机',t.description AS '触发器',t.priority AS'告警级别',count(distinct e.eventid) AS'告警次数' FROM triggers t,events e,functions f, items i,hosts h,hosts_groups hg WHERE t.triggerid=e.objectid AND e.source=0 AND e.object=0 AND e.clock>UNIX_TIMESTAMP(DATE_SUB(NOW(), INTERVAL 1 day)) AND t.flags IN ('0','4') AND f.triggerid = t.triggerid AND i.itemid = f.itemid AND i.hostid = h.hostid AND h.hostid = hg.hostid GROUP BY e.objectid ORDER BY 4 desc LIMIT 100 OFFSET 0;",
          "refId": "A"
        }
      ],
      "title": "1天告警统计",
      "transform": "table",
      "type": "table"
    },
    {
      "columns": [],
      "datasource": "${DS_ZABBIX(MYSQL)}",
      "fontSize": "100%",
      "gridPos": {
        "h": 9,
        "w": 12,
        "x": 12,
        "y": 12
      },
      "id": 11,
      "links": [],
      "pageSize": null,
      "scroll": true,
      "showHeader": true,
      "sort": {
        "col": 0,
        "desc": true
      },
      "styles": [
        {
          "alias": "Time",
          "dateFormat": "YYYY-MM-DD HH:mm:ss",
          "pattern": "Time",
          "type": "date"
        },
        {
          "alias": "",
          "colorMode": "cell",
          "colors": [
            "rgba(50, 172, 45, 0.97)",
            "rgba(237, 129, 40, 0.89)",
            "rgba(245, 54, 54, 0.9)"
          ],
          "decimals": 2,
          "pattern": "/.*/",
          "thresholds": [
            "2",
            "3"
          ],
          "type": "number",
          "unit": "short"
        }
      ],
      "targets": [
        {
          "alias": "",
          "format": "table",
          "rawSql": "SELECT h.name AS'主机',t.description AS '触发器',t.priority AS'告警级别',count(distinct e.eventid) AS'告警次数' FROM triggers t,events e,functions f, items i,hosts h,hosts_groups hg WHERE t.triggerid=e.objectid AND e.source=0 AND e.object=0 AND e.clock>UNIX_TIMESTAMP(DATE_SUB(NOW(), INTERVAL 30 day)) AND t.flags IN ('0','4') AND f.triggerid = t.triggerid AND i.itemid = f.itemid AND i.hostid = h.hostid AND h.hostid = hg.hostid GROUP BY e.objectid ORDER BY 4 desc LIMIT 100 OFFSET 0;",
          "refId": "A"
        }
      ],
      "title": "30天告警统计",
      "transform": "table",
      "type": "table"
    }
  ],
  "refresh": false,
  "schemaVersion": 16,
  "style": "dark",
  "tags": [],
  "templating": {
    "list": []
  },
  "time": {
    "from": "now-1h",
    "to": "now"
  },
  "timepicker": {
    "refresh_intervals": [
      "5s",
      "10s",
      "30s",
      "1m",
      "5m",
      "15m",
      "30m",
      "1h",
      "2h",
      "1d"
    ],
    "time_options": [
      "5m",
      "15m",
      "1h",
      "6h",
      "12h",
      "24h",
      "2d",
      "7d",
      "30d"
    ]
  },
  "timezone": "",
  "title": "02-zabbix-监控告警统计",
  "uid": "17MrgYgik",
  "version": 8
}