{
  "__inputs": [
    {
      "name": "DS_ZABBIX3.4",
      "label": "zabbix3.4",
      "description": "",
      "type": "datasource",
      "pluginId": "alexanderzobnin-zabbix-datasource",
      "pluginName": "Zabbix"
    }
  ],
  "__requires": [
    {
      "type": "datasource",
      "id": "alexanderzobnin-zabbix-datasource",
      "name": "Zabbix",
      "version": "1.0.0"
    },
    {
      "type": "grafana",
      "id": "grafana",
      "name": "Grafana",
      "version": "5.1.3"
    },
    {
      "type": "panel",
      "id": "grafana-clock-panel",
      "name": "Clock",
      "version": "0.0.9"
    },
    {
      "type": "panel",
      "id": "grafana-piechart-panel",
      "name": "Pie Chart",
      "version": "1.3.2"
    },
    {
      "type": "panel",
      "id": "grafana-worldmap-panel",
      "name": "Worldmap Panel",
      "version": "0.0.21"
    },
    {
      "type": "panel",
      "id": "graph",
      "name": "Graph",
      "version": "5.0.0"
    },
    {
      "type": "panel",
      "id": "singlestat",
      "name": "Singlestat",
      "version": "5.0.0"
    },
    {
      "type": "panel",
      "id": "table",
      "name": "Table",
      "version": "5.0.0"
    }
  ],
  "annotations": {
    "list": [
      {
        "builtIn": 1,
        "datasource": "-- Grafana --",
        "enable": true,
        "hide": true,
        "iconColor": "rgba(0, 211, 255, 1)",
        "name": "Annotations & Alerts",
        "type": "dashboard"
      }
    ]
  },
  "editable": true,
  "gnetId": null,
  "graphTooltip": 0,
  "id": null,
  "links": [
    {
      "icon": "external link",
      "includeVars": true,
      "keepTime": true,
      "tags": [],
      "targetBlank": true,
      "title": "数据汇总",
      "tooltip": "",
      "type": "link",
      "url": "http://192.168.19.203:3000/d/2Erb3LHik/shu-ju-zhan-shi"
    },
    {
      "icon": "dashboard",
      "includeVars": true,
      "keepTime": true,
      "tags": [],
      "targetBlank": true,
      "title": "深圳店",
      "type": "link",
      "url": "http://192.168.19.203:3000/d/coXHwoDmz/new-dashboard-copy?orgId=1"
    },
    {
      "icon": "dashboard",
      "includeVars": true,
      "keepTime": true,
      "tags": [],
      "targetBlank": true,
      "title": "广州店",
      "type": "link"
    },
    {
      "icon": "dashboard",
      "includeVars": true,
      "keepTime": true,
      "tags": [],
      "targetBlank": true,
      "title": "惠州店",
      "type": "link"
    },
    {
      "icon": "dashboard",
      "includeVars": true,
      "keepTime": true,
      "tags": [],
      "targetBlank": true,
      "title": "上海店",
      "type": "link"
    },
    {
      "icon": "dashboard",
      "includeVars": true,
      "keepTime": true,
      "tags": [],
      "targetBlank": true,
      "title": "长沙店",
      "type": "link"
    }
  ],
  "panels": [
    {
      "bgColor": null,
      "clockType": "24 hour",
      "countdownSettings": {
        "endCountdownTime": "2018-06-23T07:28:00.000Z",
        "endText": "00:00:00"
      },
      "dateSettings": {
        "dateFormat": "YYYY-MM-DD",
        "fontSize": "20px",
        "fontWeight": "normal",
        "showDate": true
      },
      "gridPos": {
        "h": 4,
        "w": 7,
        "x": 0,
        "y": 0
      },
      "id": 6,
      "links": [],
      "mode": "time",
      "offsetFromUtc": null,
      "offsetFromUtcMinutes": null,
      "timeSettings": {
        "customFormat": "HH:mm:ss",
        "fontSize": "60px",
        "fontWeight": "normal"
      },
      "title": "时间",
      "type": "grafana-clock-panel"
    },
    {
      "circleMaxSize": 30,
      "circleMinSize": 2,
      "colors": [
        "rgba(245, 54, 54, 0.9)",
        "rgba(237, 129, 40, 0.89)",
        "rgba(50, 172, 45, 0.97)"
      ],
      "datasource": null,
      "decimals": 0,
      "esMetric": "Count",
      "gridPos": {
        "h": 16,
        "w": 17,
        "x": 7,
        "y": 0
      },
      "hideEmpty": false,
      "hideZero": false,
      "id": 23,
      "initialZoom": 1,
      "locationData": "countries",
      "mapCenter": "(0°, 0°)",
      "mapCenterLatitude": 0,
      "mapCenterLongitude": 0,
      "maxDataPoints": 1,
      "showLegend": true,
      "stickyLabels": false,
      "targets": [
        {}
      ],
      "thresholds": "0,10",
      "title": "Panel Title",
      "type": "grafana-worldmap-panel",
      "unitPlural": "",
      "unitSingle": "",
      "valueName": "total"
    },
    {
      "aliasColors": {},
      "breakPoint": "25%",
      "cacheTimeout": null,
      "combine": {
        "label": "Others",
        "threshold": 0
      },
      "datasource": "${DS_ZABBIX3.4}",
      "fontSize": "80%",
      "format": "short",
      "gridPos": {
        "h": 11,
        "w": 7,
        "x": 0,
        "y": 4
      },
      "id": 16,
      "interval": null,
      "legend": {
        "show": false,
        "values": true
      },
      "legendType": "Under graph",
      "links": [],
      "maxDataPoints": 3,
      "nullPointMode": "connected",
      "pieType": "donut",
      "strokeWidth": 1,
      "targets": [
        {
          "application": {
            "filter": "Filesystems"
          },
          "functions": [],
          "group": {
            "filter": "API Server"
          },
          "host": {
            "filter": "DOSERCN00001"
          },
          "item": {
            "filter": "/.*/"
          },
          "mode": 0,
          "options": {
            "showDisabledItems": false,
            "skipEmptyValues": false
          },
          "refId": "A",
          "resultFormat": "time_series",
          "table": {
            "skipEmptyValues": false
          },
          "triggers": {
            "acknowledged": 2,
            "count": true,
            "minSeverity": 3
          }
        }
      ],
      "title": "数据统计",
      "type": "grafana-piechart-panel",
      "valueName": "current"
    },
    {
      "aliasColors": {},
      "breakPoint": "50%",
      "cacheTimeout": null,
      "combine": {
        "label": "Others",
        "threshold": 0
      },
      "datasource": "${DS_ZABBIX3.4}",
      "fontSize": "80%",
      "format": "short",
      "gridPos": {
        "h": 11,
        "w": 7,
        "x": 0,
        "y": 15
      },
      "id": 4,
      "interval": null,
      "legend": {
        "show": false,
        "values": true
      },
      "legendType": "Under graph",
      "links": [],
      "maxDataPoints": 3,
      "nullPointMode": "connected",
      "pieType": "pie",
      "strokeWidth": 1,
      "targets": [
        {
          "application": {
            "filter": "Filesystems"
          },
          "functions": [],
          "group": {
            "filter": "API Server"
          },
          "host": {
            "filter": "DOSERCN00002"
          },
          "item": {
            "filter": "/.*/"
          },
          "mode": 0,
          "options": {
            "showDisabledItems": false,
            "skipEmptyValues": false
          },
          "refId": "A",
          "resultFormat": "time_series",
          "table": {
            "skipEmptyValues": false
          },
          "triggers": {
            "acknowledged": 2,
            "count": true,
            "minSeverity": 3
          }
        }
      ],
      "title": "数据统计2",
      "type": "grafana-piechart-panel",
      "valueName": "current"
    },
    {
      "columns": [],
      "datasource": null,
      "fontSize": "100%",
      "gridPos": {
        "h": 4,
        "w": 10,
        "x": 7,
        "y": 16
      },
      "id": 26,
      "pageSize": null,
      "scroll": true,
      "showHeader": true,
      "sort": {
        "col": 0,
        "desc": true
      },
      "styles": [
        {
          "alias": "Time",
          "dateFormat": "YYYY-MM-DD HH:mm:ss",
          "pattern": "Time",
          "type": "date"
        },
        {
          "alias": "",
          "colorMode": null,
          "colors": [
            "rgba(245, 54, 54, 0.9)",
            "rgba(237, 129, 40, 0.89)",
            "rgba(50, 172, 45, 0.97)"
          ],
          "decimals": 2,
          "pattern": "/.*/",
          "thresholds": [],
          "type": "number",
          "unit": "short"
        }
      ],
      "targets": [
        {}
      ],
      "title": "Panel Title",
      "transform": "timeseries_to_columns",
      "type": "table"
    },
    {
      "cacheTimeout": null,
      "colorBackground": false,
      "colorValue": false,
      "colors": [
        "#d44a3a",
        "rgba(237, 129, 40, 0.89)",
        "#299c46"
      ],
      "datasource": "${DS_ZABBIX3.4}",
      "format": "none",
      "gauge": {
        "maxValue": 10000,
        "minValue": 0,
        "show": true,
        "thresholdLabels": false,
        "thresholdMarkers": true
      },
      "gridPos": {
        "h": 5,
        "w": 3,
        "x": 17,
        "y": 16
      },
      "id": 24,
      "interval": null,
      "links": [],
      "mappingType": 1,
      "mappingTypes": [
        {
          "name": "value to text",
          "value": 1
        },
        {
          "name": "range to text",
          "value": 2
        }
      ],
      "maxDataPoints": 100,
      "nullPointMode": "connected",
      "nullText": null,
      "postfix": "",
      "postfixFontSize": "50%",
      "prefix": "",
      "prefixFontSize": "50%",
      "rangeMaps": [
        {
          "from": "null",
          "text": "N/A",
          "to": "null"
        }
      ],
      "sparkline": {
        "fillColor": "rgba(31, 118, 189, 0.18)",
        "full": false,
        "lineColor": "rgb(31, 120, 193)",
        "show": true
      },
      "tableColumn": "",
      "targets": [
        {
          "application": {
            "filter": "Network interfaces"
          },
          "functions": [],
          "group": {
            "filter": "01-QAS"
          },
          "host": {
            "filter": "192.168.19.103"
          },
          "item": {
            "filter": "Incoming network traffic on eth0"
          },
          "mode": 0,
          "options": {
            "showDisabledItems": false,
            "skipEmptyValues": false
          },
          "refId": "A",
          "resultFormat": "time_series",
          "table": {
            "skipEmptyValues": false
          },
          "triggers": {
            "acknowledged": 2,
            "count": true,
            "minSeverity": 3
          }
        }
      ],
      "thresholds": "5000,8000",
      "title": "交易数据统计",
      "type": "singlestat",
      "valueFontSize": "80%",
      "valueMaps": [
        {
          "op": "=",
          "text": "N/A",
          "value": "null"
        }
      ],
      "valueName": "avg"
    },
    {
      "cacheTimeout": null,
      "colorBackground": false,
      "colorValue": false,
      "colors": [
        "#d44a3a",
        "rgba(237, 129, 40, 0.89)",
        "#299c46"
      ],
      "datasource": "${DS_ZABBIX3.4}",
      "format": "none",
      "gauge": {
        "maxValue": 10000,
        "minValue": 0,
        "show": true,
        "thresholdLabels": false,
        "thresholdMarkers": true
      },
      "gridPos": {
        "h": 5,
        "w": 4,
        "x": 20,
        "y": 16
      },
      "id": 11,
      "interval": null,
      "links": [],
      "mappingType": 1,
      "mappingTypes": [
        {
          "name": "value to text",
          "value": 1
        },
        {
          "name": "range to text",
          "value": 2
        }
      ],
      "maxDataPoints": 100,
      "nullPointMode": "connected",
      "nullText": null,
      "postfix": "",
      "postfixFontSize": "50%",
      "prefix": "",
      "prefixFontSize": "50%",
      "rangeMaps": [
        {
          "from": "null",
          "text": "N/A",
          "to": "null"
        }
      ],
      "sparkline": {
        "fillColor": "rgba(31, 118, 189, 0.18)",
        "full": false,
        "lineColor": "rgb(31, 120, 193)",
        "show": true
      },
      "tableColumn": "",
      "targets": [
        {
          "application": {
            "filter": "Network interfaces"
          },
          "functions": [],
          "group": {
            "filter": "01-QAS"
          },
          "host": {
            "filter": "192.168.19.103"
          },
          "item": {
            "filter": "Incoming network traffic on eth0"
          },
          "mode": 0,
          "options": {
            "showDisabledItems": false,
            "skipEmptyValues": false
          },
          "refId": "A",
          "resultFormat": "time_series",
          "table": {
            "skipEmptyValues": false
          },
          "triggers": {
            "acknowledged": 2,
            "count": true,
            "minSeverity": 3
          }
        }
      ],
      "thresholds": "5000,8000",
      "title": "交易数据统计",
      "type": "singlestat",
      "valueFontSize": "80%",
      "valueMaps": [
        {
          "op": "=",
          "text": "N/A",
          "value": "null"
        }
      ],
      "valueName": "avg"
    },
    {
      "cacheTimeout": null,
      "colorBackground": false,
      "colorValue": false,
      "colors": [
        "#299c46",
        "rgba(237, 129, 40, 0.89)",
        "#d44a3a"
      ],
      "datasource": null,
      "format": "none",
      "gauge": {
        "maxValue": 100,
        "minValue": 0,
        "show": false,
        "thresholdLabels": false,
        "thresholdMarkers": true
      },
      "gridPos": {
        "h": 3,
        "w": 5,
        "x": 7,
        "y": 20
      },
      "id": 8,
      "interval": null,
      "links": [],
      "mappingType": 1,
      "mappingTypes": [
        {
          "name": "value to text",
          "value": 1
        },
        {
          "name": "range to text",
          "value": 2
        }
      ],
      "maxDataPoints": 100,
      "nullPointMode": "connected",
      "nullText": null,
      "postfix": "",
      "postfixFontSize": "50%",
      "prefix": "",
      "prefixFontSize": "50%",
      "rangeMaps": [
        {
          "from": "null",
          "text": "N/A",
          "to": "null"
        }
      ],
      "sparkline": {
        "fillColor": "rgba(31, 118, 189, 0.18)",
        "full": false,
        "lineColor": "rgb(31, 120, 193)",
        "show": false
      },
      "tableColumn": "",
      "targets": [
        {}
      ],
      "thresholds": "",
      "title": "Panel Title",
      "type": "singlestat",
      "valueFontSize": "80%",
      "valueMaps": [
        {
          "op": "=",
          "text": "N/A",
          "value": "null"
        }
      ],
      "valueName": "avg"
    },
    {
      "cacheTimeout": null,
      "colorBackground": false,
      "colorValue": false,
      "colors": [
        "#299c46",
        "rgba(237, 129, 40, 0.89)",
        "#d44a3a"
      ],
      "datasource": null,
      "format": "none",
      "gauge": {
        "maxValue": 100,
        "minValue": 0,
        "show": false,
        "thresholdLabels": false,
        "thresholdMarkers": true
      },
      "gridPos": {
        "h": 3,
        "w": 5,
        "x": 12,
        "y": 20
      },
      "id": 21,
      "interval": null,
      "links": [],
      "mappingType": 1,
      "mappingTypes": [
        {
          "name": "value to text",
          "value": 1
        },
        {
          "name": "range to text",
          "value": 2
        }
      ],
      "maxDataPoints": 100,
      "nullPointMode": "connected",
      "nullText": null,
      "postfix": "",
      "postfixFontSize": "50%",
      "prefix": "",
      "prefixFontSize": "50%",
      "rangeMaps": [
        {
          "from": "null",
          "text": "N/A",
          "to": "null"
        }
      ],
      "sparkline": {
        "fillColor": "rgba(31, 118, 189, 0.18)",
        "full": false,
        "lineColor": "rgb(31, 120, 193)",
        "show": false
      },
      "tableColumn": "",
      "targets": [
        {}
      ],
      "thresholds": "",
      "title": "Panel Title",
      "type": "singlestat",
      "valueFontSize": "80%",
      "valueMaps": [
        {
          "op": "=",
          "text": "N/A",
          "value": "null"
        }
      ],
      "valueName": "avg"
    },
    {
      "aliasColors": {},
      "bars": true,
      "dashLength": 10,
      "dashes": false,
      "datasource": "${DS_ZABBIX3.4}",
      "fill": 0,
      "gridPos": {
        "h": 5,
        "w": 7,
        "x": 17,
        "y": 21
      },
      "id": 18,
      "legend": {
        "avg": false,
        "current": false,
        "max": false,
        "min": false,
        "show": false,
        "total": false,
        "values": false
      },
      "lines": true,
      "linewidth": 1,
      "links": [],
      "nullPointMode": "null as zero",
      "percentage": false,
      "pointradius": 5,
      "points": false,
      "renderer": "flot",
      "seriesOverrides": [],
      "spaceLength": 10,
      "stack": false,
      "steppedLine": false,
      "targets": [
        {
          "application": {
            "filter": "Memory"
          },
          "functions": [],
          "group": {
            "filter": "API Server"
          },
          "host": {
            "filter": "DOSERCN00001"
          },
          "item": {
            "filter": "Available memory"
          },
          "mode": 0,
          "options": {
            "showDisabledItems": false,
            "skipEmptyValues": false
          },
          "refId": "A",
          "resultFormat": "time_series",
          "table": {
            "skipEmptyValues": false
          },
          "triggers": {
            "acknowledged": 2,
            "count": true,
            "minSeverity": 3
          }
        }
      ],
      "thresholds": [],
      "timeFrom": null,
      "timeShift": null,
      "title": "访问统计",
      "tooltip": {
        "shared": false,
        "sort": 1,
        "value_type": "individual"
      },
      "type": "graph",
      "xaxis": {
        "buckets": null,
        "mode": "histogram",
        "name": null,
        "show": true,
        "values": [
          "total"
        ]
      },
      "yaxes": [
        {
          "format": "short",
          "label": null,
          "logBase": 1,
          "max": null,
          "min": null,
          "show": true
        },
        {
          "format": "short",
          "label": null,
          "logBase": 1,
          "max": null,
          "min": null,
          "show": true
        }
      ],
      "yaxis": {
        "align": false,
        "alignLevel": null
      }
    },
    {
      "cacheTimeout": null,
      "colorBackground": true,
      "colorValue": false,
      "colors": [
        "#299c46",
        "#aea2e0",
        "#d44a3a"
      ],
      "datasource": "${DS_ZABBIX3.4}",
      "format": "none",
      "gauge": {
        "maxValue": 100,
        "minValue": 0,
        "show": false,
        "thresholdLabels": false,
        "thresholdMarkers": true
      },
      "gridPos": {
        "h": 3,
        "w": 5,
        "x": 7,
        "y": 23
      },
      "id": 13,
      "interval": null,
      "links": [],
      "mappingType": 1,
      "mappingTypes": [
        {
          "name": "value to text",
          "value": 1
        },
        {
          "name": "range to text",
          "value": 2
        }
      ],
      "maxDataPoints": 100,
      "nullPointMode": "connected",
      "nullText": null,
      "postfix": "",
      "postfixFontSize": "50%",
      "prefix": "",
      "prefixFontSize": "50%",
      "rangeMaps": [
        {
          "from": "null",
          "text": "N/A",
          "to": "null"
        }
      ],
      "sparkline": {
        "fillColor": "rgba(31, 118, 189, 0.18)",
        "full": false,
        "lineColor": "rgb(31, 120, 193)",
        "show": false
      },
      "tableColumn": "",
      "targets": [
        {
          "application": {
            "filter": "Memory"
          },
          "functions": [],
          "group": {
            "filter": "01-QAS"
          },
          "host": {
            "filter": "192.168.19.103"
          },
          "item": {
            "filter": "Available memory"
          },
          "mode": 0,
          "options": {
            "showDisabledItems": false,
            "skipEmptyValues": false
          },
          "refId": "A",
          "resultFormat": "time_series",
          "table": {
            "skipEmptyValues": false
          },
          "triggers": {
            "acknowledged": 2,
            "count": true,
            "minSeverity": 3
          }
        }
      ],
      "thresholds": "",
      "title": "数据统计",
      "type": "singlestat",
      "valueFontSize": "80%",
      "valueMaps": [
        {
          "op": "=",
          "text": "N/A",
          "value": "null"
        }
      ],
      "valueName": "avg"
    },
    {
      "cacheTimeout": null,
      "colorBackground": true,
      "colorValue": false,
      "colors": [
        "#e24d42",
        "#1f78c1",
        "#e24d42"
      ],
      "datasource": "${DS_ZABBIX3.4}",
      "format": "none",
      "gauge": {
        "maxValue": 100,
        "minValue": 0,
        "show": false,
        "thresholdLabels": false,
        "thresholdMarkers": true
      },
      "gridPos": {
        "h": 3,
        "w": 5,
        "x": 12,
        "y": 23
      },
      "id": 10,
      "interval": null,
      "links": [],
      "mappingType": 1,
      "mappingTypes": [
        {
          "name": "value to text",
          "value": 1
        },
        {
          "name": "range to text",
          "value": 2
        }
      ],
      "maxDataPoints": 100,
      "nullPointMode": "connected",
      "nullText": null,
      "postfix": "",
      "postfixFontSize": "50%",
      "prefix": "",
      "prefixFontSize": "50%",
      "rangeMaps": [
        {
          "from": "null",
          "text": "N/A",
          "to": "null"
        }
      ],
      "sparkline": {
        "fillColor": "rgba(31, 118, 189, 0.18)",
        "full": true,
        "lineColor": "#e24d42",
        "show": true
      },
      "tableColumn": "",
      "targets": [
        {
          "application": {
            "filter": "Network interfaces"
          },
          "functions": [],
          "group": {
            "filter": "01-QAS"
          },
          "host": {
            "filter": "192.168.19.111"
          },
          "item": {
            "filter": "Outgoing network traffic on eth0"
          },
          "mode": 0,
          "options": {
            "showDisabledItems": false,
            "skipEmptyValues": false
          },
          "refId": "A",
          "resultFormat": "time_series",
          "table": {
            "skipEmptyValues": false
          },
          "triggers": {
            "acknowledged": 2,
            "count": true,
            "minSeverity": 3
          }
        }
      ],
      "thresholds": "",
      "title": "数据统计",
      "type": "singlestat",
      "valueFontSize": "80%",
      "valueMaps": [
        {
          "op": "=",
          "text": "N/A",
          "value": "null"
        }
      ],
      "valueName": "avg"
    }
  ],
  "refresh": false,
  "schemaVersion": 16,
  "style": "dark",
  "tags": [],
  "templating": {
    "list": []
  },
  "time": {
    "from": "2018-07-02T05:42:57.288Z",
    "to": "2018-07-02T08:08:04.466Z"
  },
  "timepicker": {
    "refresh_intervals": [
      "5s",
      "10s",
      "30s",
      "1m",
      "5m",
      "15m",
      "30m",
      "1h",
      "2h",
      "1d"
    ],
    "time_options": [
      "5m",
      "15m",
      "1h",
      "6h",
      "12h",
      "24h",
      "2d",
      "7d",
      "30d"
    ]
  },
  "timezone": "",
  "title": "数据展示",
  "uid": "2Erb3LHik",
  "version": 51
}